customer_id,recencia,frequencia,monetario,R,F,M,rfm_score,rfm_total,segmento
CUST-0000,1203,2,1638.0,1,2,4,124,7,Hibernando
CUST-0002,571,1,840.0,2,1,2,212,5,Necessitam de Atenção
CUST-0004,48,3,1258.2,5,3,3,533,11,Clientes Leais
CUST-0005,297,3,2499.0,3,3,5,335,11,Clientes Leais
CUST-0007,339,2,1008.0,3,2,3,323,8,Leais em Potencial
CUST-0008,809,1,630.0,1,1,2,112,4,Perdidos
CUST-0009,603,3,2646.0,2,3,5,235,10,Em Risco
CUST-0010,37,2,528.675,5,2,2,522,9,Novos Clientes
CUST-0011,998,2,1181.25,1,2,3,123,6,Hibernando
CUST-0012,1425,1,63.0,1,1,1,111,3,Perdidos
CUST-0013,118,3,1522.5,5,3,4,534,12,Clientes Leais
CUST-0014,305,2,2045.25,3,2,4,324,9,Leais em Potencial
CUST-0015,82,1,31.049999999999997,5,1,1,511,7,Novos Clientes
CUST-0016,986,2,504.0,1,2,2,122,5,Hibernando
CUST-0017,1157,2,1984.5,1,2,4,124,7,Hibernando
CUST-0020,320,2,1323.0,3,2,3,323,8,Leais em Potencial
CUST-0021,214,4,1984.5,4,5,4,454,13,Campeões
CUST-0022,27,2,47.025,5,2,1,521,8,Novos Clientes
CUST-0023,89,3,2646.0,5,3,5,535,13,Clientes Leais
CUST-0024,688,1,210.0,2,1,1,211,4,Necessitam de Atenção
CUST-0025,569,2,1680.0,2,2,4,224,8,Necessitam de Atenção
CUST-0026,554,3,1543.5,2,3,4,234,9,Em Risco
CUST-0027,454,2,267.75,2,2,1,221,5,Necessitam de Atenção
CUST-0028,1710,1,1323.0,1,1,3,113,5,Perdidos
CUST-0029,1522,1,1260.0,1,1,3,113,5,Perdidos
CUST-0030,831,3,1417.5,1,3,3,133,7,Não pode perder
CUST-0031,1335,2,2940.0,1,2,5,125,8,Hibernando
CUST-0032,376,2,1260.0,2,2,3,223,7,Necessitam de Atenção
CUST-0033,572,3,430.5,2,3,2,232,7,Perdidos
CUST-0034,438,3,1921.5,2,3,4,234,9,Em Risco
CUST-0035,727,3,1953.0,2,3,4,234,9,Em Risco
CUST-0036,587,3,2205.0,2,3,5,235,10,Em Risco
CUST-0037,584,3,3244.5,2,3,5,235,10,Em Risco
CUST-0038,421,4,2110.5,2,5,4,254,11,Em Risco
CUST-0039,480,4,2257.5,2,5,5,255,12,Em Risco
CUST-0041,685,3,3003.0,2,3,5,235,10,Em Risco
CUST-0042,1304,3,2299.5,1,3,5,135,9,Não pode perder
CUST-0043,535,3,3906.0,2,3,5,235,10,Em Risco
CUST-0045,494,3,4158.0,2,3,5,235,10,Em Risco
CUST-0046,527,3,2357.25,2,3,5,235,10,Em Risco
CUST-0047,492,3,1149.75,2,3,3,233,8,Em Risco
CUST-0048,513,3,1071.0,2,3,3,233,8,Em Risco
CUST-0049,730,2,693.0,1,2,2,122,5,Hibernando
CUST-0050,390,3,441.0,2,3,2,232,7,Perdidos
CUST-0051,528,3,1228.5,2,3,3,233,8,Em Risco
CUST-0052,450,3,603.75,2,3,2,232,7,Perdidos
CUST-0053,471,3,960.75,2,3,3,233,8,Em Risco
CUST-0054,1118,3,2462.25,1,3,5,135,9,Não pode perder
CUST-0055,443,4,3024.0,2,5,5,255,12,Em Risco
CUST-0056,693,3,2887.5,2,3,5,235,10,Em Risco
CUST-0057,494,4,4693.5,2,5,5,255,12,Em Risco
CUST-0058,1801,1,756.0,1,1,2,112,4,Perdidos
CUST-0059,645,3,3066.0,2,3,5,235,10,Em Risco
CUST-0060,494,3,2467.5,2,3,5,235,10,Em Risco
CUST-0061,630,2,2079.0,2,2,4,224,8,Necessitam de Atenção
CUST-0062,1759,1,840.0,1,1,2,112,4,Perdidos
CUST-0063,651,3,598.5,2,3,2,232,7,Perdidos
CUST-0064,603,2,1291.5,2,2,3,223,7,Necessitam de Atenção
CUST-0065,602,3,3570.0,2,3,5,235,10,Em Risco
CUST-0066,509,1,567.0,2,1,2,212,5,Necessitam de Atenção
CUST-0068,634,3,3087.0,2,3,5,235,10,Em Risco
CUST-0069,537,3,1417.5,2,3,3,233,8,Em Risco
CUST-0070,1229,2,2205.0,1,2,5,125,8,Hibernando
CUST-0071,1454,2,1575.0,1,2,4,124,7,Hibernando
CUST-0072,677,3,1921.5,2,3,4,234,9,Em Risco
CUST-0073,1799,1,210.0,1,1,1,111,3,Perdidos
CUST-0074,1638,1,210.0,1,1,1,111,3,Perdidos
CUST-0075,1476,1,630.0,1,1,2,112,4,Perdidos
CUST-0077,1667,1,110.25,1,1,1,111,3,Perdidos
CUST-0078,376,3,2289.0,2,3,5,235,10,Em Risco
CUST-0079,630,3,1228.5,2,3,3,233,8,Em Risco
CUST-0080,1674,1,126.0,1,1,1,111,3,Perdidos
CUST-0081,579,3,1181.25,2,3,3,233,8,Em Risco
CUST-0082,535,2,1921.5,2,2,4,224,8,Necessitam de Atenção
CUST-0083,1545,1,126.0,1,1,1,111,3,Perdidos
CUST-0084,705,3,897.75,2,3,3,233,8,Em Risco
CUST-0085,442,4,1464.75,2,5,4,254,11,Em Risco
CUST-0086,449,3,1638.0,2,4,4,244,10,Em Risco
CUST-0087,566,2,966.0,2,2,3,223,7,Necessitam de Atenção
CUST-0088,713,2,1134.0,2,2,3,223,7,Necessitam de Atenção
CUST-0089,578,3,2121.0,2,4,4,244,10,Em Risco
CUST-0090,1194,3,2236.5,1,4,5,145,10,Não pode perder
CUST-0091,685,3,2115.75,2,4,4,244,10,Em Risco
CUST-0092,1172,1,1260.0,1,1,3,113,5,Perdidos
CUST-0093,713,3,1370.25,2,4,3,243,9,Em Risco
CUST-0094,1263,4,2635.5,1,5,5,155,11,Não pode perder
CUST-0095,441,3,2058.0,2,4,4,244,10,Em Risco
CUST-0096,546,3,2173.5,2,4,5,245,11,Em Risco
CUST-0097,1623,2,1008.0,1,2,3,123,6,Hibernando
CUST-0099,596,3,2698.5,2,4,5,245,11,Em Risco
CUST-0100,706,3,1764.0,2,4,4,244,10,Em Risco
CUST-0102,1573,2,1638.0,1,2,4,124,7,Hibernando
CUST-0103,386,4,3402.0,2,5,5,255,12,Em Risco
CUST-0104,609,2,3024.0,2,2,5,225,9,Necessitam de Atenção
CUST-0105,1544,2,787.5,1,2,2,122,5,Hibernando
CUST-0106,718,2,409.5,2,3,2,232,7,Perdidos
CUST-0107,716,3,929.25,2,4,3,243,9,Em Risco
CUST-0108,1410,3,1827.0,1,4,4,144,9,Não pode perder
CUST-0109,586,3,2730.0,2,4,5,245,11,Em Risco
CUST-0110,638,3,1370.25,2,4,3,243,9,Em Risco
CUST-0111,381,2,866.25,2,3,2,232,7,Perdidos
CUST-0112,1346,2,567.0,1,3,2,132,6,Hibernando
CUST-0113,659,3,2142.0,2,4,5,245,11,Em Risco
CUST-0114,1182,2,2016.0,1,3,4,134,8,Não pode perder
CUST-0115,495,3,834.75,2,4,2,242,8,Perdidos
CUST-0116,565,4,1638.0,2,5,4,254,11,Em Risco
CUST-0117,1550,3,2352.0,1,4,5,145,10,Não pode perder
CUST-0118,1654,2,2562.0,1,3,5,135,9,Não pode perder
CUST-0119,485,3,1323.0,2,4,3,243,9,Em Risco
CUST-0120,1544,2,1417.5,1,3,3,133,7,Não pode perder
CUST-0122,409,3,2079.0,2,4,4,244,10,Em Risco
CUST-0123,422,2,204.75,2,3,1,231,6,Perdidos
CUST-0125,649,4,3433.5,2,5,5,255,12,Em Risco
CUST-0126,649,3,2404.5,2,4,5,245,11,Em Risco
CUST-0127,516,3,1071.0,2,4,3,243,9,Em Risco
CUST-0128,1790,1,378.0,1,1,2,112,4,Perdidos
CUST-0129,502,3,1585.5,2,4,4,244,10,Em Risco
CUST-0130,723,2,1732.5,2,3,4,234,9,Em Risco
CUST-0131,557,2,1008.0,2,3,3,233,8,Em Risco
CUST-0132,441,3,1370.25,2,4,3,243,9,Em Risco
CUST-0133,654,3,2016.0,2,4,4,244,10,Em Risco
CUST-0134,1689,2,1039.5,1,3,3,133,7,Não pode perder
CUST-0135,1323,3,987.0,1,4,3,143,8,Não pode perder
CUST-0137,483,4,4599.0,2,5,5,255,12,Em Risco
CUST-0138,1389,3,3990.0,1,4,5,145,10,Não pode perder
CUST-0139,650,2,1039.5,2,3,3,233,8,Em Risco
CUST-0140,468,2,3024.0,2,3,5,235,10,Em Risco
CUST-0141,1273,3,1842.75,1,4,4,144,9,Não pode perder
CUST-0143,384,3,2205.0,2,4,5,245,11,Em Risco
CUST-0144,650,3,2604.0,2,4,5,245,11,Em Risco
CUST-0145,1511,1,126.0,1,1,1,111,3,Perdidos
CUST-0146,1168,3,913.5,1,4,3,143,8,Não pode perder
CUST-0147,1519,1,94.5,1,1,1,111,3,Perdidos
CUST-0148,575,3,2163.0,2,4,5,245,11,Em Risco
CUST-0149,1249,2,2457.0,1,3,5,135,9,Não pode perder
CUST-0150,1258,3,1753.5,1,4,4,144,9,Não pode perder
CUST-0151,1782,1,945.0,1,1,3,113,5,Perdidos
CUST-0152,1609,1,945.0,1,1,3,113,5,Perdidos
CUST-0153,1101,2,189.0,1,3,1,131,5,Hibernando
CUST-0154,1614,1,1050.0,1,1,3,113,5,Perdidos
CUST-0155,478,2,2520.0,2,3,5,235,10,Em Risco
CUST-0156,638,3,2520.0,2,4,5,245,11,Em Risco
CUST-0157,468,3,2047.5,2,4,4,244,10,Em Risco
CUST-0158,647,3,1974.0,2,4,4,244,10,Em Risco
CUST-0160,403,4,472.5,2,5,2,252,9,Perdidos
CUST-0161,1663,1,78.75,1,1,1,111,3,Perdidos
CUST-0162,1732,1,283.5,1,1,1,111,3,Perdidos
CUST-0163,1157,3,2499.0,1,4,5,145,10,Não pode perder
CUST-0164,506,3,2772.0,2,4,5,245,11,Em Risco
CUST-0165,594,3,2457.0,2,4,5,245,11,Em Risco
CUST-0166,649,3,3780.0,2,4,5,245,11,Em Risco
CUST-0167,399,3,693.0,2,4,2,242,8,Perdidos
CUST-0168,1752,2,992.25,1,3,3,133,7,Não pode perder
CUST-0169,1271,3,3780.0,1,4,5,145,10,Não pode perder
CUST-0170,722,3,2205.0,2,4,5,245,11,Em Risco
CUST-0171,496,2,1638.0,2,3,4,234,9,Em Risco
CUST-0172,562,3,1228.5,2,4,3,243,9,Em Risco
CUST-0173,704,3,1496.25,2,4,4,244,10,Em Risco
CUST-0175,589,4,3202.5,2,5,5,255,12,Em Risco
CUST-0176,678,4,1365.0,2,5,3,253,10,Em Risco
CUST-0177,378,3,3906.0,2,4,5,245,11,Em Risco
CUST-0178,1166,1,567.0,1,1,2,112,4,Perdidos
CUST-0179,439,3,2215.5,2,4,5,245,11,Em Risco
CUST-0180,624,3,2110.5,2,4,4,244,10,Em Risco
CUST-0181,1473,2,315.0,1,3,2,132,6,Hibernando
CUST-0182,1562,1,1680.0,1,1,4,114,6,Perdidos
CUST-0184,668,2,1323.0,2,3,3,233,8,Em Risco
CUST-0185,1180,2,945.0,1,3,3,133,7,Não pode perder
CUST-0186,1384,2,2625.0,1,3,5,135,9,Não pode perder
CUST-0188,1380,3,378.0,1,4,2,142,7,Hibernando
CUST-0189,1369,2,913.5,1,3,3,133,7,Não pode perder
CUST-0190,1661,1,157.5,1,1,1,111,3,Perdidos
CUST-0191,1526,2,189.0,1,3,1,131,5,Hibernando
CUST-0192,583,2,189.0,2,3,1,231,6,Perdidos
CUST-0193,1557,1,189.0,1,1,1,111,3,Perdidos
CUST-0194,674,2,1722.0,2,3,4,234,9,Em Risco
CUST-0195,614,3,819.0,2,4,2,242,8,Perdidos
CUST-0196,1672,1,1260.0,1,1,3,113,5,Perdidos
CUST-0197,1383,4,2919.0,1,5,5,155,11,Não pode perder
CUST-0198,1415,3,2493.75,1,4,5,145,10,Não pode perder
CUST-0199,659,3,693.0,2,4,2,242,8,Perdidos
CUST-0200,559,3,3087.0,2,4,5,245,11,Em Risco
CUST-0201,653,1,661.5,2,1,2,212,5,Necessitam de Atenção
CUST-0202,576,3,3601.5,2,4,5,245,11,Em Risco
CUST-0203,439,4,4378.5,2,5,5,255,12,Em Risco
CUST-0204,1278,3,1039.5,1,4,3,143,8,Não pode perder
CUST-0205,1726,1,378.0,1,1,2,112,4,Perdidos
CUST-0206,1299,2,1302.0,1,3,3,133,7,Não pode perder
CUST-0207,727,3,2457.0,2,4,5,245,11,Em Risco
CUST-0208,677,4,2105.25,2,5,4,254,11,Em Risco
CUST-0209,649,3,3402.0,2,4,5,245,11,Em Risco
CUST-0210,369,2,882.0,2,3,2,232,7,Perdidos
CUST-0211,1278,4,1134.0,1,5,3,153,9,Não pode perder
CUST-0212,628,5,2173.5,2,5,5,255,12,Em Risco
CUST-0213,466,2,236.25,2,3,1,231,6,Perdidos
CUST-0214,1787,1,78.75,1,1,1,111,3,Perdidos
CUST-0215,1511,2,535.5,1,3,2,132,6,Hibernando
CUST-0216,469,5,2126.25,2,5,4,254,11,Em Risco
CUST-0217,1603,1,110.25,1,1,1,111,3,Perdidos
CUST-0218,444,3,3570.0,2,4,5,245,11,Em Risco
CUST-0219,593,3,1197.0,2,4,3,243,9,Em Risco
CUST-0220,844,2,1512.0,1,3,4,134,8,Não pode perder
CUST-0221,724,1,1680.0,2,1,4,214,7,Necessitam de Atenção
CUST-0223,585,3,1543.5,2,4,4,244,10,Em Risco
CUST-0224,1164,2,2457.0,1,3,5,135,9,Não pode perder
CUST-0226,730,3,2646.0,1,4,5,145,10,Não pode perder
CUST-0228,674,4,1764.0,2,5,4,254,11,Em Risco
CUST-0229,699,3,504.0,2,4,2,242,8,Perdidos
CUST-0230,481,1,1008.0,2,1,3,213,6,Necessitam de Atenção
CUST-0231,381,2,2047.5,2,3,4,234,9,Em Risco
CUST-0232,1785,1,882.0,1,1,2,112,4,Perdidos
CUST-0233,322,3,3087.0,3,4,5,345,12,Clientes Leais
CUST-0234,1619,1,1512.0,1,1,4,114,6,Perdidos
CUST-0235,836,1,1134.0,1,1,3,113,5,Perdidos
CUST-0236,110,2,235.575,5,3,1,531,9,Perdidos
CUST-0237,255,3,1162.8,3,4,3,343,10,Clientes Leais
CUST-0238,118,3,2286.9,5,4,5,545,14,Campeões
CUST-0239,343,3,2439.0,3,4,5,345,12,Clientes Leais
CUST-0240,805,3,1228.5,1,4,3,143,8,Não pode perder
CUST-0241,613,1,110.25,2,1,1,211,4,Necessitam de Atenção
CUST-0243,363,4,3487.5,2,5,5,255,12,Em Risco
CUST-0244,44,3,3981.0,5,4,5,545,14,Campeões
CUST-0245,369,1,1470.0,2,1,4,214,7,Necessitam de Atenção
CUST-0246,300,3,1512.0,3,4,4,344,11,Clientes Leais
CUST-0247,31,3,1447.65,5,4,3,543,12,Clientes Leais
CUST-0248,446,2,273.0,2,3,1,231,6,Perdidos
CUST-0249,100,4,2424.15,5,5,5,555,15,Campeões
CUST-0250,90,3,2614.5,5,4,5,545,14,Campeões
CUST-0251,1086,2,351.75,1,3,2,132,6,Hibernando
CUST-0252,318,4,4662.0,3,5,5,355,13,Clientes Leais
CUST-0253,360,2,1170.0,3,3,3,333,9,Clientes Leais
CUST-0254,245,2,693.0,4,3,2,432,9,Leais em Potencial
CUST-0255,346,2,1417.5,3,3,3,333,9,Clientes Leais
CUST-0256,37,3,2094.3,5,4,4,544,13,Campeões
CUST-0257,926,3,1480.5,1,4,4,144,9,Não pode perder
CUST-0258,66,2,1063.8,5,3,3,533,11,Clientes Leais
CUST-0259,27,2,1806.0,5,3,4,534,12,Clientes Leais
CUST-0260,295,1,31.049999999999997,3,1,1,311,5,Promissores
CUST-0261,140,3,1593.0,4,4,4,444,12,Campeões
CUST-0262,1339,2,1039.5,1,3,3,133,7,Não pode perder
CUST-0263,296,2,771.75,3,3,2,332,8,Leais em Potencial
CUST-0264,108,3,189.0,5,4,1,541,10,Perdidos
CUST-0265,500,3,3097.5,2,4,5,245,11,Em Risco
CUST-0266,928,2,1228.5,1,3,3,133,7,Não pode perder
CUST-0267,919,1,1512.0,1,1,4,114,6,Perdidos
CUST-0268,78,3,2629.8,5,4,5,545,14,Campeões
CUST-0269,657,3,2394.0,2,4,5,245,11,Em Risco
CUST-0270,622,3,1023.75,2,4,3,243,9,Em Risco
CUST-0271,920,2,2173.5,1,3,5,135,9,Não pode perder
CUST-0272,1575,1,756.0,1,1,2,112,4,Perdidos
CUST-0273,230,3,1704.9,4,4,4,444,12,Campeões
CUST-0274,59,5,1630.725,5,5,4,554,14,Campeões
CUST-0276,319,3,957.9,3,4,3,343,10,Clientes Leais
CUST-0277,376,4,582.75,2,5,2,252,9,Perdidos
CUST-0278,142,3,2047.5,4,4,4,444,12,Campeões
CUST-0279,594,4,2304.75,2,5,5,255,12,Em Risco
CUST-0281,930,2,866.25,1,3,2,132,6,Hibernando
CUST-0282,312,3,3169.2,3,4,5,345,12,Clientes Leais
CUST-0283,151,3,1932.0,4,4,4,444,12,Campeões
CUST-0284,204,4,2787.6,4,5,5,455,14,Campeões
CUST-0285,1079,3,267.75,1,4,1,141,6,Hibernando
CUST-0286,1469,1,1890.0,1,1,4,114,6,Perdidos
CUST-0287,469,2,3108.0,2,3,5,235,10,Em Risco
CUST-0288,15,1,1117.8,5,1,3,513,9,Novos Clientes
CUST-0289,66,3,3168.0,5,4,5,545,14,Campeões
CUST-0290,260,3,1410.225,3,4,3,343,10,Clientes Leais
CUST-0292,595,2,1974.0,2,3,4,234,9,Em Risco
CUST-0293,149,3,1844.1,4,4,4,444,12,Campeões
CUST-0294,194,3,2614.5,4,4,5,445,13,Campeões
CUST-0295,315,2,561.75,3,3,2,332,8,Leais em Potencial
CUST-0296,260,3,3213.0,3,4,5,345,12,Clientes Leais
CUST-0297,601,1,567.0,2,1,2,212,5,Necessitam de Atenção
CUST-0298,89,1,157.5,5,1,1,511,7,Novos Clientes
CUST-0299,149,2,1692.9,4,3,4,434,11,Clientes Leais
CUST-0300,61,2,2247.0,5,3,5,535,13,Clientes Leais
CUST-0301,72,4,2293.6499999999996,5,5,5,555,15,Campeões
CUST-0303,241,3,661.05,4,4,2,442,10,Leais em Potencial
CUST-0304,714,3,2724.75,2,4,5,245,11,Em Risco
CUST-0305,101,1,827.9999999999999,5,1,2,512,8,Novos Clientes
CUST-0306,39,2,2243.7,5,3,5,535,13,Clientes Leais
CUST-0308,320,3,1563.6,3,4,4,344,11,Clientes Leais
CUST-0309,54,3,438.75,5,4,2,542,11,Leais em Potencial
CUST-0310,22,3,2784.9,5,4,5,545,14,Campeões
CUST-0311,231,2,1779.3,4,3,4,434,11,Clientes Leais
CUST-0312,82,4,4515.0,5,5,5,555,15,Campeões
CUST-0313,400,4,2919.0,2,5,5,255,12,Em Risco
CUST-0314,305,1,15.524999999999999,3,1,1,311,5,Promissores
CUST-0315,942,2,2047.5,1,3,4,134,8,Não pode perder
CUST-0316,783,1,283.5,1,1,1,111,3,Perdidos
CUST-0317,205,3,2016.0,4,4,4,444,12,Campeões
CUST-0318,197,1,745.1999999999999,4,1,2,412,7,Novos Clientes
CUST-0319,108,3,1636.65,5,4,4,544,13,Campeões
CUST-0320,151,2,756.0,4,3,2,432,9,Leais em Potencial
CUST-0321,900,2,1197.0,1,3,3,133,7,Não pode perder
CUST-0322,71,3,2173.5,5,4,5,545,14,Campeões
CUST-0323,50,3,1228.5,5,4,3,543,12,Clientes Leais
CUST-0324,730,1,1323.0,1,1,3,113,5,Perdidos
CUST-0326,164,3,1872.225,4,4,4,444,12,Campeões
CUST-0328,545,4,1890.0,2,5,4,254,11,Em Risco
CUST-0329,178,2,902.6999999999999,4,3,3,433,10,Clientes Leais
CUST-0330,210,3,2751.0,4,4,5,445,13,Campeões
CUST-0331,166,3,1004.4,4,4,3,443,11,Clientes Leais
CUST-0332,797,3,1837.5,1,4,4,144,9,Não pode perder
CUST-0333,292,2,1275.3,3,3,3,333,9,Clientes Leais
CUST-0334,136,1,279.45,4,1,1,411,6,Novos Clientes
CUST-0335,258,2,283.05,3,3,1,331,7,Perdidos
CUST-0336,773,3,740.25,1,4,2,142,7,Hibernando
CUST-0337,109,2,282.15,5,3,1,531,9,Perdidos
CUST-0338,228,3,1858.5,4,4,4,444,12,Campeões
CUST-0339,243,3,3181.2,4,4,5,445,13,Campeões
CUST-0340,80,3,645.75,5,4,2,542,11,Leais em Potencial
CUST-0341,236,3,2052.0,4,4,4,444,12,Campeões
CUST-0342,931,3,976.5,1,4,3,143,8,Não pode perder
CUST-0343,1410,1,472.5,1,1,2,112,4,Perdidos
CUST-0344,97,3,345.15,5,4,2,542,11,Leais em Potencial
CUST-0345,1074,2,1821.75,1,3,4,134,8,Não pode perder
CUST-0346,86,3,1716.3,5,4,4,544,13,Campeões
CUST-0347,148,3,1485.0,4,4,4,444,12,Campeões
CUST-0348,111,3,2868.75,5,4,5,545,14,Campeões
CUST-0349,256,2,823.9499999999999,3,3,2,332,8,Leais em Potencial
CUST-0350,528,1,1890.0,2,1,4,214,7,Necessitam de Atenção
CUST-0351,160,2,528.675,4,3,2,432,9,Leais em Potencial
CUST-0352,322,3,3570.0,3,4,5,345,12,Clientes Leais
CUST-0353,317,3,2259.9,3,4,5,345,12,Clientes Leais
CUST-0354,89,1,1134.0,5,1,3,513,9,Novos Clientes
CUST-0355,221,2,2316.6,4,3,5,435,12,Clientes Leais
CUST-0356,662,1,63.0,2,1,1,211,4,Necessitam de Atenção
CUST-0357,482,3,3822.0,2,4,5,245,11,Em Risco
CUST-0358,108,3,1620.0,5,4,4,544,13,Campeões
CUST-0359,624,1,756.0,2,1,2,212,5,Necessitam de Atenção
CUST-0360,526,3,2037.0,2,4,4,244,10,Em Risco
CUST-0362,251,2,1260.0,3,3,3,333,9,Clientes Leais
CUST-0363,46,1,15.75,5,1,1,511,7,Novos Clientes
CUST-0364,15,3,4410.0,5,4,5,545,14,Campeões
CUST-0365,135,1,108.675,4,1,1,411,6,Novos Clientes
CUST-0366,343,3,1039.5,3,4,3,343,10,Clientes Leais
CUST-0367,599,3,1317.75,2,4,3,243,9,Em Risco
CUST-0368,515,2,703.5,2,3,2,232,7,Perdidos
CUST-0369,39,3,1842.75,5,4,4,544,13,Campeões
CUST-0370,356,4,3685.5,3,5,5,355,13,Clientes Leais
CUST-0371,589,2,283.5,2,3,1,231,6,Perdidos
CUST-0372,673,4,1512.0,2,5,4,254,11,Em Risco
CUST-0373,244,4,2399.25,4,5,5,455,14,Campeões
CUST-0374,244,3,1118.25,4,4,3,443,11,Clientes Leais
CUST-0375,1089,2,1260.0,1,3,3,133,7,Não pode perder
CUST-0376,139,2,315.0,4,3,2,432,9,Leais em Potencial
CUST-0377,229,3,1953.0,4,4,4,444,12,Campeões
CUST-0379,174,3,2940.0,4,4,5,445,13,Campeões
CUST-0380,309,2,2299.5,3,3,5,335,11,Clientes Leais
CUST-0381,114,3,2029.95,5,4,4,544,13,Campeões
CUST-0382,106,3,1827.0,5,4,4,544,13,Campeões
CUST-0383,249,3,1370.25,3,4,3,343,10,Clientes Leais
CUST-0384,300,4,1677.15,3,5,4,354,12,Clientes Leais
CUST-0385,296,3,1268.7,3,4,3,343,10,Clientes Leais
CUST-0386,967,3,2220.75,1,4,5,145,10,Não pode perder
CUST-0387,102,3,1548.0,5,4,4,544,13,Campeões
CUST-0388,280,2,156.375,3,3,1,331,7,Perdidos
CUST-0389,1571,1,882.0,1,1,2,112,4,Perdidos
CUST-0390,31,3,2648.1,5,4,5,545,14,Campeões
CUST-0391,149,2,878.4,4,3,2,432,9,Leais em Potencial
CUST-0392,1498,1,1134.0,1,1,3,113,5,Perdidos
CUST-0393,61,3,3228.75,5,4,5,545,14,Campeões
CUST-0394,935,1,882.0,1,1,2,112,4,Perdidos
CUST-0395,264,3,724.5,3,4,2,342,9,Leais em Potencial
CUST-0397,681,2,1270.5,2,3,3,233,8,Em Risco
CUST-0398,632,1,63.0,2,1,1,211,4,Necessitam de Atenção
CUST-0399,990,2,1795.5,1,3,4,134,8,Não pode perder
CUST-0400,937,1,756.0,1,1,2,112,4,Perdidos
CUST-0401,150,3,4284.0,4,4,5,445,13,Campeões
CUST-0402,172,3,2142.0,4,4,5,445,13,Campeões
CUST-0403,122,3,2582.1,5,4,5,545,14,Campeões
CUST-0405,869,3,1291.5,1,4,3,143,8,Não pode perder
CUST-0406,255,2,488.025,3,3,2,332,8,Leais em Potencial
CUST-0407,265,3,409.5,3,4,2,342,9,Leais em Potencial
CUST-0409,1047,1,1890.0,1,1,4,114,6,Perdidos
CUST-0410,1046,2,1932.0,1,3,4,134,8,Não pode perder
CUST-0411,1088,2,2047.5,1,3,4,134,8,Não pode perder
CUST-0412,253,3,3186.0,3,4,5,345,12,Clientes Leais
CUST-0413,360,2,1781.9999999999998,3,3,4,334,10,Clientes Leais
CUST-0414,74,3,3010.5,5,4,5,545,14,Campeões
CUST-0415,666,3,2835.0,2,4,5,245,11,Em Risco
CUST-0416,334,1,630.0,3,1,2,312,6,Promissores
CUST-0418,261,1,31.5,3,1,1,311,5,Promissores
CUST-0419,304,3,689.85,3,4,2,342,9,Leais em Potencial
CUST-0420,191,3,1543.5,4,4,4,444,12,Campeões
CUST-0421,193,3,1978.575,4,4,4,444,12,Campeões
CUST-0422,724,4,582.75,2,5,2,252,9,Perdidos
CUST-0423,704,1,882.0,2,1,2,212,5,Necessitam de Atenção
CUST-0424,344,2,1291.5,3,3,3,333,9,Clientes Leais
CUST-0425,61,3,756.0,5,4,2,542,11,Leais em Potencial
CUST-0426,791,3,1485.75,1,4,4,144,9,Não pode perder
CUST-0427,325,5,3034.5,3,5,5,355,13,Clientes Leais
CUST-0428,1507,1,945.0,1,1,3,113,5,Perdidos
CUST-0429,752,3,2856.0,1,4,5,145,10,Não pode perder
CUST-0430,68,1,496.79999999999995,5,1,2,512,8,Novos Clientes
CUST-0431,181,2,173.25,4,3,1,431,8,Perdidos
CUST-0432,165,3,1228.5,4,4,3,443,11,Clientes Leais
CUST-0433,97,3,783.9,5,4,2,542,11,Leais em Potencial
CUST-0434,539,2,1905.75,2,3,4,234,9,Em Risco
CUST-0435,79,1,465.74999999999994,5,1,2,512,8,Novos Clientes
CUST-0436,814,3,2488.5,1,4,5,145,10,Não pode perder
CUST-0437,941,1,252.0,1,1,1,111,3,Perdidos
CUST-0438,1110,2,1932.0,1,3,4,134,8,Não pode perder
CUST-0441,181,3,3024.0,4,4,5,445,13,Campeões
CUST-0442,136,4,4191.75,4,5,5,455,14,Campeões
CUST-0443,619,4,4084.5,2,5,5,255,12,Em Risco
CUST-0444,131,1,840.0,4,1,2,412,7,Novos Clientes
CUST-0445,117,3,2845.2,5,4,5,545,14,Campeões
CUST-0446,106,2,141.75,5,3,1,531,9,Perdidos
CUST-0447,515,3,1890.0,2,4,4,244,10,Em Risco
CUST-0448,1146,1,756.0,1,1,2,112,4,Perdidos
CUST-0449,228,3,513.0,4,4,2,442,10,Leais em Potencial
CUST-0450,263,3,4074.0,3,4,5,345,12,Clientes Leais
CUST-0451,1375,2,1627.5,1,3,4,134,8,Não pode perder
CUST-0452,1052,2,94.5,1,3,1,131,5,Hibernando
CUST-0453,309,2,330.75,3,3,2,332,8,Leais em Potencial
CUST-0454,209,3,514.3499999999999,4,4,2,442,10,Leais em Potencial
CUST-0455,119,3,336.0,5,4,2,542,11,Leais em Potencial
CUST-0456,35,2,2457.0,5,3,5,535,13,Clientes Leais
CUST-0457,83,3,2856.0,5,4,5,545,14,Campeões
CUST-0458,283,3,1722.0,3,4,4,344,11,Clientes Leais
CUST-0459,39,3,913.5,5,4,3,543,12,Clientes Leais
CUST-0460,201,2,471.15,4,3,2,432,9,Leais em Potencial
CUST-0461,117,5,1197.0,5,5,3,553,13,Clientes Leais
CUST-0462,309,3,2676.0,3,4,5,345,12,Clientes Leais
CUST-0463,426,3,719.25,2,4,2,242,8,Perdidos
CUST-0464,34,3,1850.4,5,4,4,544,13,Campeões
CUST-0465,47,3,1711.5,5,4,4,544,13,Campeões
CUST-0466,373,1,252.0,2,1,1,211,4,Necessitam de Atenção
CUST-0467,120,2,1260.0,5,3,3,533,11,Clientes Leais
CUST-0468,1361,2,598.5,1,3,2,132,6,Hibernando
CUST-0469,149,3,3283.2,4,4,5,445,13,Campeões
CUST-0470,1579,1,1050.0,1,1,3,113,5,Perdidos
CUST-0471,392,3,1953.0,2,4,4,244,10,Em Risco
CUST-0472,658,2,724.5,2,3,2,232,7,Perdidos
CUST-0473,297,3,783.0,3,4,2,342,9,Leais em Potencial
CUST-0474,968,1,378.0,1,1,2,112,4,Perdidos
CUST-0475,274,3,1118.25,3,4,3,343,10,Clientes Leais
CUST-0476,1356,2,1344.0,1,3,3,133,7,Não pode perder
CUST-0477,327,3,3650.7,3,4,5,345,12,Clientes Leais
CUST-0478,853,3,1953.0,1,4,4,144,9,Não pode perder
CUST-0479,141,3,3139.5,4,4,5,445,13,Campeões
CUST-0480,807,3,661.5,1,4,2,142,7,Hibernando
CUST-0481,1027,3,2268.0,1,4,5,145,10,Não pode perder
CUST-0482,525,3,2698.5,2,4,5,245,11,Em Risco
CUST-0483,1057,3,656.25,1,4,2,142,7,Hibernando
CUST-0484,242,5,1471.5,4,5,4,454,13,Campeões
CUST-0485,153,1,93.14999999999999,4,1,1,411,6,Novos Clientes
CUST-0486,391,3,1260.0,2,4,3,243,9,Em Risco
CUST-0487,1808,1,504.0,1,1,2,112,4,Perdidos
CUST-0488,322,3,283.5,3,4,1,341,8,Perdidos
CUST-0489,104,1,248.39999999999998,5,1,1,511,7,Novos Clientes
CUST-0490,238,2,2709.0,4,3,5,435,12,Clientes Leais
CUST-0491,941,2,330.75,1,3,2,132,6,Hibernando
CUST-0492,323,3,1762.2,3,4,4,344,11,Clientes Leais
CUST-0493,98,3,1939.5,5,4,4,544,13,Campeões
CUST-0494,163,4,2740.5,4,5,5,455,14,Campeões
CUST-0495,16,3,514.5,5,4,2,542,11,Leais em Potencial
CUST-0496,1368,2,315.0,1,3,2,132,6,Hibernando
CUST-0498,923,1,283.5,1,1,1,111,3,Perdidos
CUST-0499,997,3,1575.0,1,4,4,144,9,Não pode perder
CUST-0500,47,2,236.25,5,3,1,531,9,Perdidos
CUST-0502,1387,2,2079.0,1,3,4,134,8,Não pode perder
CUST-0503,599,2,2016.0,2,3,4,234,9,Em Risco
CUST-0504,340,3,3276.0,3,4,5,345,12,Clientes Leais
CUST-0505,959,2,1149.75,1,3,3,133,7,Não pode perder
CUST-0506,455,4,1123.5,2,5,3,253,10,Em Risco
CUST-0507,331,3,3522.1499999999996,3,4,5,345,12,Clientes Leais
CUST-0508,820,3,1559.25,1,4,4,144,9,Não pode perder
CUST-0509,120,3,2382.0,5,4,5,545,14,Campeões
CUST-0510,426,4,2425.5,2,5,5,255,12,Em Risco
CUST-0511,117,2,1156.05,5,3,3,533,11,Clientes Leais
CUST-0512,378,1,47.25,2,1,1,211,4,Necessitam de Atenção
CUST-0513,631,4,1548.75,2,5,4,254,11,Em Risco
CUST-0514,813,3,1701.0,1,4,4,144,9,Não pode perder
CUST-0515,1367,1,157.5,1,1,1,111,3,Perdidos
CUST-0516,987,3,2709.0,1,4,5,145,10,Não pode perder
CUST-0517,42,3,1693.8,5,4,4,544,13,Campeões
CUST-0518,987,2,157.5,1,3,1,131,5,Hibernando
CUST-0519,27,3,3759.0,5,4,5,545,14,Campeões
CUST-0520,97,5,2971.5,5,5,5,555,15,Campeões
CUST-0521,286,3,4221.0,3,4,5,345,12,Clientes Leais
CUST-0522,28,2,409.5,5,3,2,532,10,Leais em Potencial
CUST-0523,1242,2,2268.0,1,3,5,135,9,Não pode perder
CUST-0524,505,3,2457.0,2,4,5,245,11,Em Risco
CUST-0525,352,2,378.0,3,3,2,332,8,Leais em Potencial
CUST-0526,1205,2,2730.0,1,3,5,135,9,Não pode perder
CUST-0527,15,3,1881.0,5,4,4,544,13,Campeões
CUST-0528,616,1,1260.0,2,1,3,213,6,Necessitam de Atenção
CUST-0529,184,3,2390.4,4,4,5,445,13,Campeões
CUST-0530,160,4,1774.5,4,5,4,454,13,Campeões
CUST-0531,165,3,3013.5,4,4,5,445,13,Campeões
CUST-0532,312,2,2205.0,3,3,5,335,11,Clientes Leais
CUST-0533,238,3,3694.2,4,4,5,445,13,Campeões
CUST-0534,203,3,1102.5,4,4,3,443,11,Clientes Leais
CUST-0535,249,3,657.0,3,4,2,342,9,Leais em Potencial
CUST-0536,67,3,1175.775,5,4,3,543,12,Clientes Leais
CUST-0537,301,3,1512.0,3,4,4,344,11,Clientes Leais
CUST-0538,270,2,1757.625,3,3,4,334,10,Clientes Leais
CUST-0540,470,1,630.0,2,1,2,212,5,Necessitam de Atenção
CUST-0541,255,3,1600.575,3,4,4,344,11,Clientes Leais
CUST-0542,258,2,1275.75,3,3,3,333,9,Clientes Leais
CUST-0543,49,3,1858.5,5,4,4,544,13,Campeões
CUST-0545,149,3,3465.0,4,4,5,445,13,Campeões
CUST-0546,28,3,1937.25,5,4,4,544,13,Campeões
CUST-0547,17,2,267.75,5,3,1,531,9,Perdidos
CUST-0548,198,3,2466.0,4,4,5,445,13,Campeões
CUST-0549,1356,2,1701.0,1,3,4,134,8,Não pode perder
CUST-0550,245,3,430.5,4,4,2,442,10,Leais em Potencial
CUST-0551,710,2,141.75,2,3,1,231,6,Perdidos
CUST-0552,1409,2,504.0,1,3,2,132,6,Hibernando
CUST-0553,1059,3,1370.25,1,4,3,143,8,Não pode perder
CUST-0554,1022,2,913.5,1,3,3,133,7,Não pode perder
CUST-0555,159,1,155.25,4,1,1,411,6,Novos Clientes
CUST-0556,965,3,1417.5,1,4,3,143,8,Não pode perder
CUST-0557,554,2,236.25,2,3,1,231,6,Perdidos
CUST-0558,494,3,1086.75,2,4,3,243,9,Em Risco
CUST-0559,10,3,1971.3,5,4,4,544,13,Campeões
CUST-0560,292,3,2682.0,3,4,5,345,12,Clientes Leais
CUST-0561,727,3,1433.25,2,4,3,243,9,Em Risco
CUST-0564,238,3,3414.6,4,4,5,445,13,Campeões
CUST-0565,109,1,1676.6999999999998,5,1,4,514,10,Novos Clientes
CUST-0566,285,4,4063.5,3,5,5,355,13,Clientes Leais
CUST-0567,103,3,346.5,5,4,2,542,11,Leais em Potencial
CUST-0568,460,3,1905.75,2,4,4,244,10,Em Risco
CUST-0569,72,3,1701.0,5,4,4,544,13,Campeões
CUST-0570,644,2,441.0,2,3,2,232,7,Perdidos
CUST-0571,1234,2,1890.0,1,3,4,134,8,Não pode perder
CUST-0572,678,2,94.5,2,3,1,231,6,Perdidos
CUST-0573,30,5,4693.5,5,5,5,555,15,Campeões
CUST-0574,81,1,93.14999999999999,5,1,1,511,7,Novos Clientes
CUST-0575,774,3,2378.25,1,4,5,145,10,Não pode perder
CUST-0576,1413,2,2268.0,1,3,5,135,9,Não pode perder
CUST-0578,332,4,628.2,3,5,2,352,10,Leais em Potencial
CUST-0579,334,3,1062.0,3,4,3,343,10,Clientes Leais
CUST-0580,870,1,157.5,1,1,1,111,3,Perdidos
CUST-0581,1416,2,1386.0,1,3,3,133,7,Não pode perder
CUST-0582,69,3,1833.6,5,4,4,544,13,Campeões
CUST-0583,307,1,621.0,3,1,2,312,6,Promissores
CUST-0584,244,3,535.5,4,4,2,442,10,Leais em Potencial
CUST-0585,542,1,94.5,2,1,1,211,4,Necessitam de Atenção
CUST-0586,71,3,1260.0,5,4,3,543,12,Clientes Leais
CUST-0587,56,1,157.5,5,1,1,511,7,Novos Clientes
CUST-0588,244,2,502.2,4,3,2,432,9,Leais em Potencial
CUST-0589,1758,1,283.5,1,1,1,111,3,Perdidos
CUST-0590,316,1,1490.3999999999999,3,1,4,314,8,Promissores
CUST-0591,941,3,577.5,1,4,2,142,7,Hibernando
CUST-0592,935,3,2220.75,1,4,5,145,10,Não pode perder
CUST-0593,346,3,1629.0,3,4,4,344,11,Clientes Leais
CUST-0594,170,5,3160.5,4,5,5,455,14,Campeões
CUST-0595,698,3,409.5,2,4,2,242,8,Perdidos
CUST-0596,7,2,913.5,5,3,3,533,11,Clientes Leais
CUST-0598,158,2,2192.4,4,3,5,435,12,Clientes Leais
CUST-0599,204,3,3763.8,4,4,5,445,13,Campeões
CUST-0600,195,3,1558.5,4,4,4,444,12,Campeões
CUST-0601,52,3,1496.25,5,4,4,544,13,Campeões
CUST-0602,249,3,3706.5,3,4,5,345,12,Clientes Leais
CUST-0603,142,3,2226.0,4,4,5,445,13,Campeões
CUST-0604,87,3,1701.0,5,4,4,544,13,Campeões
CUST-0605,522,1,63.0,2,1,1,211,4,Necessitam de Atenção
CUST-0606,454,4,4336.5,2,5,5,255,12,Em Risco
CUST-0607,743,2,756.0,1,3,2,132,6,Hibernando
CUST-0608,1211,1,630.0,1,1,2,112,4,Perdidos
CUST-0609,401,3,2331.0,2,4,5,245,11,Em Risco
CUST-0610,60,3,1323.0,5,4,3,543,12,Clientes Leais
CUST-0611,1249,2,1764.0,1,3,4,134,8,Não pode perder
CUST-0612,985,2,1039.5,1,3,3,133,7,Não pode perder
CUST-0613,470,1,252.0,2,1,1,211,4,Necessitam de Atenção
CUST-0614,853,3,1795.5,1,4,4,144,9,Não pode perder
CUST-0615,817,1,945.0,1,1,3,113,5,Perdidos
CUST-0616,81,3,1858.5,5,4,4,544,13,Campeões
CUST-0617,41,3,1102.5,5,4,3,543,12,Clientes Leais
CUST-0618,359,3,2283.525,3,4,5,345,12,Clientes Leais
CUST-0619,122,3,2078.1,5,4,4,544,13,Campeões
CUST-0620,222,3,1076.25,4,4,3,443,11,Clientes Leais
CUST-0621,442,1,31.5,2,1,1,211,4,Necessitam de Atenção
CUST-0622,318,3,3192.0,3,4,5,345,12,Clientes Leais
CUST-0623,1292,1,756.0,1,1,2,112,4,Perdidos
CUST-0624,187,4,3008.25,4,5,5,455,14,Campeões
CUST-0626,575,1,210.0,2,1,1,211,4,Necessitam de Atenção
CUST-0627,81,3,1785.0,5,4,4,544,13,Campeões
CUST-0628,187,1,155.25,4,1,1,411,6,Novos Clientes
CUST-0629,191,3,2033.4,4,4,4,444,12,Campeões
CUST-0630,189,4,2929.5,4,5,5,455,14,Campeões
CUST-0631,596,2,1323.0,2,3,3,233,8,Em Risco
CUST-0632,220,3,2236.5,4,4,5,445,13,Campeões
CUST-0633,884,1,63.0,1,1,1,111,3,Perdidos
CUST-0634,316,2,1344.0,3,3,3,333,9,Clientes Leais
CUST-0635,661,3,1023.75,2,4,3,243,9,Em Risco
CUST-0637,256,3,2094.75,3,5,4,354,12,Clientes Leais
CUST-0638,284,3,1659.0,3,5,4,354,12,Clientes Leais
CUST-0641,556,1,504.0,2,1,2,212,5,Necessitam de Atenção
CUST-0642,414,4,2677.5,2,5,5,255,12,Em Risco
CUST-0643,472,3,2740.5,2,5,5,255,12,Em Risco
CUST-0644,358,3,2664.0,3,5,5,355,13,Clientes Leais
CUST-0645,108,3,1504.725,5,5,4,554,14,Campeões
CUST-0646,348,2,895.725,3,3,3,333,9,Clientes Leais
CUST-0647,588,1,630.0,2,1,2,212,5,Necessitam de Atenção
CUST-0648,299,2,1386.0,3,3,3,333,9,Clientes Leais
CUST-0649,105,2,441.0,5,3,2,532,10,Leais em Potencial
CUST-0650,613,3,787.5,2,5,2,252,9,Perdidos
CUST-0652,1149,2,1134.0,1,3,3,133,7,Não pode perder
CUST-0653,288,3,456.75,3,5,2,352,10,Leais em Potencial
CUST-0654,1547,1,283.5,1,1,1,111,3,Perdidos
CUST-0655,270,2,1984.5,3,3,4,334,10,Clientes Leais
CUST-0656,25,3,1378.8,5,5,3,553,13,Clientes Leais
CUST-0657,130,3,3298.5,4,5,5,455,14,Campeões
CUST-0658,129,2,535.5,4,3,2,432,9,Leais em Potencial
CUST-0659,393,4,3549.0,2,5,5,255,12,Em Risco
CUST-0660,509,3,2457.0,2,5,5,255,12,Em Risco
CUST-0663,226,1,827.9999999999999,4,1,2,412,7,Novos Clientes
CUST-0664,554,1,378.0,2,1,2,212,5,Necessitam de Atenção
CUST-0666,1386,2,677.25,1,3,2,132,6,Hibernando
CUST-0667,266,3,1953.0,3,5,4,354,12,Clientes Leais
CUST-0668,480,1,882.0,2,1,2,212,5,Necessitam de Atenção
CUST-0669,201,1,882.0,4,1,2,412,7,Novos Clientes
CUST-0671,1173,2,472.5,1,3,2,132,6,Hibernando
CUST-0672,53,2,1401.75,5,3,3,533,11,Clientes Leais
CUST-0673,295,2,1239.0,3,3,3,333,9,Clientes Leais
CUST-0674,72,3,973.8,5,5,3,553,13,Clientes Leais
CUST-0675,929,2,252.0,1,3,1,131,5,Hibernando
CUST-0676,169,3,1701.0,4,5,4,454,13,Campeões
CUST-0677,183,3,945.0,4,5,3,453,12,Clientes Leais
CUST-0678,66,3,3066.0,5,5,5,555,15,Campeões
CUST-0679,465,2,2047.5,2,3,4,234,9,Em Risco
CUST-0680,971,3,1464.75,1,5,4,154,10,Não pode perder
CUST-0681,339,3,173.25,3,5,1,351,9,Perdidos
CUST-0682,759,1,1260.0,1,1,3,113,5,Perdidos
CUST-0683,742,2,1995.0,1,3,4,134,8,Não pode perder
CUST-0684,89,3,1730.25,5,5,4,554,14,Campeões
CUST-0685,912,2,882.0,1,3,2,132,6,Hibernando
CUST-0686,133,3,2595.6,4,5,5,455,14,Campeões
CUST-0687,279,3,2286.9,3,5,5,355,13,Clientes Leais
CUST-0688,43,4,3892.2,5,5,5,555,15,Campeões
CUST-0689,196,3,2904.45,4,5,5,455,14,Campeões
CUST-0691,240,3,786.825,4,5,2,452,11,Leais em Potencial
CUST-0692,121,4,1456.65,5,5,4,554,14,Campeões
CUST-0693,1073,1,63.0,1,1,1,111,3,Perdidos
CUST-0694,163,3,2331.0,4,5,5,455,14,Campeões
CUST-0695,613,4,504.0,2,5,2,252,9,Perdidos
CUST-0696,332,3,2340.8999999999996,3,5,5,355,13,Clientes Leais
CUST-0697,503,3,1701.0,2,5,4,254,11,Em Risco
CUST-0698,77,3,4494.0,5,5,5,555,15,Campeões
CUST-0699,118,3,470.25,5,5,2,552,12,Leais em Potencial
CUST-0700,175,3,1939.4999999999998,4,5,4,454,13,Campeões
CUST-0701,1127,2,1260.0,1,3,3,133,7,Não pode perder
CUST-0702,1696,1,630.0,1,1,2,112,4,Perdidos
CUST-0703,244,1,189.0,4,1,1,411,6,Novos Clientes
CUST-0704,339,3,1055.25,3,5,3,353,11,Clientes Leais
CUST-0705,814,2,1197.0,1,3,3,133,7,Não pode perder
CUST-0707,46,3,3780.0,5,5,5,555,15,Campeões
CUST-0708,809,3,1071.0,1,5,3,153,9,Não pode perder
CUST-0709,159,4,1494.45,4,5,4,454,13,Campeões
CUST-0710,699,3,2562.0,2,5,5,255,12,Em Risco
CUST-0713,25,3,723.15,5,5,2,552,12,Leais em Potencial
CUST-0714,165,4,1347.15,4,5,3,453,12,Clientes Leais
CUST-0715,164,2,2551.5,4,3,5,435,12,Clientes Leais
CUST-0716,183,3,1918.8,4,5,4,454,13,Campeões
CUST-0717,546,3,1102.5,2,5,3,253,10,Em Risco
CUST-0718,1061,3,1743.0,1,5,4,154,10,Não pode perder
CUST-0719,266,3,1467.0,3,5,4,354,12,Clientes Leais
CUST-0720,168,3,2126.25,4,5,4,454,13,Campeões
CUST-0721,89,3,421.2,5,5,2,552,12,Leais em Potencial
CUST-0722,172,3,1782.0,4,5,4,454,13,Campeões
CUST-0723,619,4,2551.5,2,5,5,255,12,Em Risco
CUST-0724,1674,1,1701.0,1,1,4,114,6,Perdidos
CUST-0725,222,3,1810.125,4,5,4,454,13,Campeões
CUST-0726,348,3,1338.75,3,5,3,353,11,Clientes Leais
CUST-0727,456,3,1244.25,2,5,3,253,10,Em Risco
CUST-0728,670,2,1039.5,2,3,3,233,8,Em Risco
CUST-0729,280,2,1543.5,3,3,4,334,10,Clientes Leais
CUST-0730,177,3,2504.25,4,5,5,455,14,Campeões
CUST-0731,20,3,2982.0,5,5,5,555,15,Campeões
CUST-0732,923,3,2031.75,1,5,4,154,10,Não pode perder
CUST-0733,356,3,2646.0,3,5,5,355,13,Clientes Leais
CUST-0734,282,3,3255.0,3,5,5,355,13,Clientes Leais
CUST-0735,1019,2,1134.0,1,3,3,133,7,Não pode perder
CUST-0736,417,3,866.25,2,5,2,252,9,Perdidos
CUST-0737,694,2,1701.0,2,3,4,234,9,Em Risco
CUST-0738,42,2,815.4,5,3,2,532,10,Leais em Potencial
CUST-0739,408,4,614.25,2,5,2,252,9,Perdidos
CUST-0740,1070,3,2383.5,1,5,5,155,11,Não pode perder
CUST-0741,74,3,3150.0,5,5,5,555,15,Campeões
CUST-0742,249,1,558.9,3,1,2,312,6,Promissores
CUST-0743,1649,1,141.75,1,1,1,111,3,Perdidos
CUST-0745,1143,1,189.0,1,1,1,111,3,Perdidos
CUST-0746,39,2,1690.1999999999998,5,3,4,534,12,Clientes Leais
CUST-0747,53,4,1944.0,5,5,4,554,14,Campeões
CUST-0748,176,3,691.2,4,5,2,452,11,Leais em Potencial
CUST-0749,100,1,504.0,5,1,2,512,8,Novos Clientes
CUST-0750,35,3,2086.35,5,5,4,554,14,Campeões
CUST-0751,260,3,503.1,3,5,2,352,10,Leais em Potencial
CUST-0752,1409,2,1417.5,1,3,3,133,7,Não pode perder
CUST-0753,545,1,78.75,2,1,1,211,4,Necessitam de Atenção
CUST-0754,350,3,2598.3,3,5,5,355,13,Clientes Leais
CUST-0755,253,3,1245.45,3,5,3,353,11,Clientes Leais
CUST-0756,482,2,2268.0,2,3,5,235,10,Em Risco
CUST-0757,28,3,1061.55,5,5,3,553,13,Clientes Leais
CUST-0758,252,1,756.0,3,1,2,312,6,Promissores
CUST-0759,1506,1,1134.0,1,1,3,113,5,Perdidos
CUST-0761,325,2,1501.5,3,3,4,334,10,Clientes Leais
CUST-0762,165,3,1008.0,4,5,3,453,12,Clientes Leais
CUST-0763,1033,3,315.0,1,5,2,152,8,Hibernando
CUST-0764,25,3,1636.65,5,5,4,554,14,Campeões
CUST-0765,195,3,3066.0,4,5,5,455,14,Campeões
CUST-0766,1283,1,1050.0,1,1,3,113,5,Perdidos
CUST-0768,228,2,913.05,4,3,3,433,10,Clientes Leais
CUST-0769,620,3,2142.0,2,5,5,255,12,Em Risco
CUST-0770,103,3,2604.0,5,5,5,555,15,Campeões
CUST-0771,70,3,3331.8,5,5,5,555,15,Campeões
CUST-0772,121,1,1701.0,5,1,4,514,10,Novos Clientes
CUST-0773,126,3,1071.0,5,5,3,553,13,Clientes Leais
CUST-0774,243,2,3591.0,4,3,5,435,12,Clientes Leais
CUST-0775,652,4,2331.0,2,5,5,255,12,Em Risco
CUST-0776,130,1,155.25,4,1,1,411,6,Novos Clientes
CUST-0777,362,3,1233.75,3,5,3,353,11,Clientes Leais
CUST-0778,338,3,1197.0,3,5,3,353,11,Clientes Leais
CUST-0779,128,3,1176.0,4,5,3,453,12,Clientes Leais
CUST-0780,776,3,1244.25,1,5,3,153,9,Não pode perder
CUST-0781,245,1,1134.0,4,1,3,413,8,Novos Clientes
CUST-0782,182,3,2299.5,4,5,5,455,14,Campeões
CUST-0783,333,3,409.05,3,5,2,352,10,Leais em Potencial
CUST-0784,750,2,882.0,1,3,2,132,6,Hibernando
CUST-0785,966,3,3328.5,1,5,5,155,11,Não pode perder
CUST-0786,1576,1,567.0,1,1,2,112,4,Perdidos
CUST-0787,191,1,1680.0,4,1,4,414,9,Novos Clientes
CUST-0788,1321,1,141.75,1,1,1,111,3,Perdidos
CUST-0789,311,3,1269.15,3,5,3,353,11,Clientes Leais
CUST-0790,1285,1,945.0,1,1,3,113,5,Perdidos
CUST-0791,1073,2,157.5,1,3,1,131,5,Hibernando
CUST-0792,57,2,283.5,5,3,1,531,9,Perdidos
CUST-0793,607,2,897.75,2,3,3,233,8,Em Risco
CUST-0794,882,1,1050.0,1,1,3,113,5,Perdidos
CUST-0795,131,3,3391.5,4,5,5,455,14,Campeões
CUST-0796,200,3,661.5,4,5,2,452,11,Leais em Potencial
CUST-0797,153,2,1764.0,4,3,4,434,11,Clientes Leais
CUST-0799,416,4,1491.0,2,5,4,254,11,Em Risco
CUST-0800,326,3,2898.0,3,5,5,355,13,Clientes Leais
CUST-0802,347,3,1099.35,3,5,3,353,11,Clientes Leais
CUST-0803,292,5,4005.75,3,5,5,355,13,Clientes Leais
CUST-0806,364,3,3528.0,2,5,5,255,12,Em Risco
CUST-0807,1021,3,1984.5,1,5,4,154,10,Não pode perder
CUST-0808,318,2,564.3,3,3,2,332,8,Leais em Potencial
CUST-0810,365,3,2232.0,2,5,5,255,12,Em Risco
CUST-0811,291,4,2810.4,3,5,5,355,13,Clientes Leais
CUST-0812,252,4,3165.75,3,5,5,355,13,Clientes Leais
CUST-0813,330,3,1847.6999999999998,3,5,4,354,12,Clientes Leais
CUST-0814,365,3,1352.25,2,5,3,253,10,Em Risco
CUST-0815,511,4,4011.0,2,5,5,255,12,Em Risco
CUST-0816,1539,1,1890.0,1,1,4,114,6,Perdidos
CUST-0817,151,2,362.25,4,3,2,432,9,Leais em Potencial
CUST-0818,799,1,252.0,1,1,1,111,3,Perdidos
CUST-0819,908,3,1260.0,1,5,3,153,9,Não pode perder
CUST-0820,775,1,378.0,1,1,2,112,4,Perdidos
CUST-0821,173,3,2637.0,4,5,5,455,14,Campeões
CUST-0822,157,4,3795.75,4,5,5,455,14,Campeões
CUST-0823,301,2,406.35,3,3,2,332,8,Leais em Potencial
CUST-0824,271,2,2110.5,3,3,4,334,10,Clientes Leais
CUST-0825,416,4,2262.75,2,5,5,255,12,Em Risco
CUST-0828,324,4,1853.25,3,5,4,354,12,Clientes Leais
CUST-0829,151,3,1260.0,4,5,3,453,12,Clientes Leais
CUST-0830,284,2,1228.5,3,3,3,333,9,Clientes Leais
CUST-0831,79,3,2745.0,5,5,5,555,15,Campeões
CUST-0832,1429,2,441.0,1,3,2,132,6,Hibernando
CUST-0833,254,2,1501.1999999999998,3,3,4,334,10,Clientes Leais
CUST-0834,48,1,630.0,5,1,2,512,8,Novos Clientes
CUST-0835,253,3,1372.5,3,5,3,353,11,Clientes Leais
CUST-0836,14,2,1462.725,5,3,4,534,12,Clientes Leais
CUST-0837,1268,2,677.25,1,3,2,132,6,Hibernando
CUST-0839,301,4,1258.65,3,5,3,353,11,Clientes Leais
CUST-0840,905,1,94.5,1,1,1,111,3,Perdidos
CUST-0841,85,3,1438.5,5,5,3,553,13,Clientes Leais
CUST-0842,128,3,3199.5,4,5,5,455,14,Campeões
CUST-0843,287,3,1163.25,3,5,3,353,11,Clientes Leais
CUST-0844,719,2,189.0,2,3,1,231,6,Perdidos
CUST-0845,128,3,1354.5,4,5,3,453,12,Clientes Leais
CUST-0846,229,4,2521.35,4,5,5,455,14,Campeões
CUST-0847,361,3,3582.0,3,5,5,355,13,Clientes Leais
CUST-0848,20,2,682.5,5,3,2,532,10,Leais em Potencial
CUST-0849,77,3,3160.5,5,5,5,555,15,Campeões
CUST-0850,608,4,3381.0,2,5,5,255,12,Em Risco
CUST-0851,211,1,1890.0,4,1,4,414,9,Novos Clientes
CUST-0853,52,2,1566.0,5,3,4,534,12,Clientes Leais
CUST-0854,828,3,2173.5,1,5,5,155,11,Não pode perder
CUST-0855,620,4,756.0,2,5,2,252,9,Perdidos
CUST-0856,151,3,1383.75,4,5,3,453,12,Clientes Leais
CUST-0857,316,1,378.0,3,1,2,312,6,Promissores
CUST-0858,323,3,614.25,3,5,2,352,10,Leais em Potencial
CUST-0859,528,3,929.25,2,5,3,253,10,Em Risco
CUST-0860,175,3,1258.2,4,5,3,453,12,Clientes Leais
CUST-0861,354,2,2184.0,3,3,5,335,11,Clientes Leais
CUST-0862,135,3,1228.5,4,5,3,453,12,Clientes Leais
CUST-0863,881,3,1181.25,1,5,3,153,9,Não pode perder
CUST-0864,1459,2,204.75,1,3,1,131,5,Hibernando
CUST-0865,771,3,2593.5,1,5,5,155,11,Não pode perder
CUST-0866,300,3,1836.0,3,5,4,354,12,Clientes Leais
CUST-0867,269,2,756.0,3,3,2,332,8,Leais em Potencial
CUST-0868,187,3,1473.3,4,5,4,454,13,Campeões
CUST-0869,120,4,2922.675,5,5,5,555,15,Campeões
CUST-0870,99,2,1837.5,5,3,4,534,12,Clientes Leais
CUST-0871,303,2,1008.0,3,3,3,333,9,Clientes Leais
CUST-0872,1183,2,598.5,1,3,2,132,6,Hibernando
CUST-0873,273,2,882.0,3,3,2,332,8,Leais em Potencial
CUST-0874,296,3,1863.75,3,5,4,354,12,Clientes Leais
CUST-0875,313,2,1354.5,3,3,3,333,9,Clientes Leais
CUST-0876,502,3,1690.5,2,5,4,254,11,Em Risco
CUST-0877,289,2,1260.0,3,3,3,333,9,Clientes Leais
CUST-0878,1166,2,1008.0,1,3,3,133,7,Não pode perder
CUST-0879,1085,3,1575.0,1,5,4,154,10,Não pode perder
CUST-0880,1005,3,5502.0,1,5,5,155,11,Não pode perder
CUST-0881,1777,1,126.0,1,1,1,111,3,Perdidos
CUST-0882,363,2,1354.5,2,3,3,233,8,Em Risco
CUST-0883,645,3,2047.5,2,5,4,254,11,Em Risco
CUST-0886,121,3,1764.0,5,5,4,554,14,Campeões
CUST-0887,133,1,141.75,4,1,1,411,6,Novos Clientes
CUST-0888,730,1,378.0,1,1,2,112,4,Perdidos
CUST-0890,835,2,1512.0,1,3,4,134,8,Não pode perder
CUST-0891,443,4,2236.5,2,5,5,255,12,Em Risco
CUST-0892,777,3,3990.0,1,5,5,155,11,Não pode perder
CUST-0893,341,3,1204.65,3,5,3,353,11,Clientes Leais
CUST-0894,173,2,2730.0,4,3,5,435,12,Clientes Leais
CUST-0895,114,3,1651.5,5,5,4,554,14,Campeões
CUST-0897,55,3,1323.0,5,5,3,553,13,Clientes Leais
CUST-0898,282,3,1464.75,3,5,4,354,12,Clientes Leais
CUST-0899,376,4,2546.25,2,5,5,255,12,Em Risco
CUST-0900,1073,3,2131.5,1,5,5,155,11,Não pode perder
CUST-0901,261,3,849.15,3,5,2,352,10,Leais em Potencial
CUST-0903,436,1,882.0,2,1,2,212,5,Necessitam de Atenção
CUST-0904,666,2,756.0,2,3,2,232,7,Perdidos
CUST-0905,486,2,1774.5,2,3,4,234,9,Em Risco
CUST-0906,235,2,1638.0,4,3,4,434,11,Clientes Leais
CUST-0907,13,3,3280.5,5,5,5,555,15,Campeões
CUST-0909,620,1,126.0,2,1,1,211,4,Necessitam de Atenção
CUST-0910,705,4,1606.5,2,5,4,254,11,Em Risco
CUST-0912,1092,3,1023.75,1,5,3,153,9,Não pode perder
CUST-0913,812,1,157.5,1,1,1,111,3,Perdidos
CUST-0914,985,2,2016.0,1,3,4,134,8,Não pode perder
CUST-0915,184,5,3701.25,4,5,5,455,14,Campeões
CUST-0916,136,1,1242.0,4,1,3,413,8,Novos Clientes
CUST-0918,934,2,63.0,1,3,1,131,5,Hibernando
CUST-0919,127,2,1291.5,5,3,3,533,11,Clientes Leais
CUST-0920,923,1,630.0,1,1,2,112,4,Perdidos
CUST-0921,143,3,1718.1,4,5,4,454,13,Campeões
CUST-0922,1112,2,882.0,1,3,2,132,6,Hibernando
CUST-0923,146,5,5544.0,4,5,5,455,14,Campeões
CUST-0924,27,3,2388.6,5,5,5,555,15,Campeões
CUST-0925,352,4,3832.5,3,5,5,355,13,Clientes Leais
CUST-0926,317,4,1779.75,3,5,4,354,12,Clientes Leais
CUST-0927,89,3,1379.25,5,5,3,553,13,Clientes Leais
CUST-0928,8,3,1102.5,5,5,3,553,13,Clientes Leais
CUST-0929,263,3,1307.25,3,5,3,353,11,Clientes Leais
CUST-0931,229,3,850.5,4,5,2,452,11,Leais em Potencial
CUST-0932,364,3,2010.75,2,5,4,254,11,Em Risco
CUST-0933,691,3,1858.5,2,5,4,254,11,Em Risco
CUST-0934,1010,3,1291.5,1,5,3,153,9,Não pode perder
CUST-0935,218,3,409.5,4,5,2,452,11,Leais em Potencial
CUST-0936,234,3,1784.6999999999998,4,5,4,454,13,Campeões
CUST-0937,71,3,661.05,5,5,2,552,12,Leais em Potencial
CUST-0938,84,2,1081.5,5,3,3,533,11,Clientes Leais
CUST-0939,209,4,2615.55,4,5,5,455,14,Campeões
CUST-0940,1430,2,504.0,1,3,2,132,6,Hibernando
CUST-0941,1273,2,1449.0,1,3,3,133,7,Não pode perder
CUST-0943,12,3,756.0,5,5,2,552,12,Leais em Potencial
CUST-0944,18,3,1543.5,5,5,4,554,14,Campeões
CUST-0945,149,3,2226.0,4,5,5,455,14,Campeões
CUST-0946,43,3,315.0,5,5,2,552,12,Leais em Potencial
CUST-0947,59,1,157.5,5,1,1,511,7,Novos Clientes
CUST-0948,358,3,393.075,3,5,2,352,10,Leais em Potencial
CUST-0949,1754,1,78.75,1,1,1,111,3,Perdidos
CUST-0950,962,3,2094.75,1,5,4,154,10,Não pode perder
CUST-0951,301,2,2045.25,3,3,4,334,10,Clientes Leais
CUST-0953,219,3,4100.25,4,5,5,455,14,Campeões
CUST-0955,1606,1,126.0,1,1,1,111,3,Perdidos
CUST-0956,473,2,1627.5,2,3,4,234,9,Em Risco
CUST-0957,1649,1,78.75,1,1,1,111,3,Perdidos
CUST-0958,669,2,1995.0,2,3,4,234,9,Em Risco
CUST-0959,80,3,2016.0,5,5,4,554,14,Campeões
CUST-0960,8,3,1953.0,5,5,4,554,14,Campeões
CUST-0961,715,1,47.25,2,1,1,211,4,Necessitam de Atenção
CUST-0962,311,3,1802.4,3,5,4,354,12,Clientes Leais
CUST-0963,355,2,544.2,3,3,2,332,8,Leais em Potencial
CUST-0964,1110,1,661.5,1,1,2,112,4,Perdidos
CUST-0966,255,3,1404.0,3,5,3,353,11,Clientes Leais
CUST-0967,283,1,108.675,3,1,1,311,5,Promissores
CUST-0968,735,3,2415.0,1,5,5,155,11,Não pode perder
CUST-0969,218,2,189.0,4,3,1,431,8,Perdidos
CUST-0970,851,2,220.5,1,3,1,131,5,Hibernando
CUST-0971,1162,1,1470.0,1,1,4,114,6,Perdidos
CUST-0972,250,1,186.29999999999998,3,1,1,311,5,Promissores
CUST-0973,266,2,1638.0,3,3,4,334,10,Clientes Leais
CUST-0974,21,1,1117.8,5,1,3,513,9,Novos Clientes
CUST-0975,589,4,1638.0,2,5,4,254,11,Em Risco
CUST-0976,726,4,2236.5,2,5,5,255,12,Em Risco
CUST-0977,690,1,661.5,2,1,2,212,5,Necessitam de Atenção
CUST-0978,273,4,4893.0,3,5,5,355,13,Clientes Leais
CUST-0979,932,3,3213.0,1,5,5,155,11,Não pode perder
CUST-0982,851,3,1008.0,1,5,3,153,9,Não pode perder
CUST-0983,144,1,108.675,4,1,1,411,6,Novos Clientes
CUST-0985,60,2,756.0,5,3,2,532,10,Leais em Potencial
CUST-0986,274,3,1629.9,3,5,4,354,12,Clientes Leais
CUST-0987,1134,2,2415.0,1,3,5,135,9,Não pode perder
CUST-0988,598,4,220.5,2,5,1,251,8,Perdidos
CUST-0989,329,2,1026.3,3,3,3,333,9,Clientes Leais
CUST-0990,631,4,1690.5,2,5,4,254,11,Em Risco
CUST-0991,1539,1,1890.0,1,1,4,114,6,Perdidos
CUST-0992,206,3,1543.5,4,5,4,454,13,Campeões
CUST-0993,59,3,3801.0,5,5,5,555,15,Campeões
CUST-0994,262,3,1165.5,3,5,3,353,11,Clientes Leais
CUST-0995,907,2,645.75,1,3,2,132,6,Hibernando
CUST-0996,1043,2,1575.0,1,3,4,134,8,Não pode perder
CUST-0997,181,1,155.25,4,1,1,411,6,Novos Clientes
CUST-0998,345,3,3496.5,3,5,5,355,13,Clientes Leais
CUST-0999,811,3,441.0,1,5,2,152,8,Hibernando
CUST-15012,284,1,94.5,3,1,1,311,5,Promissores
CUST-15029,121,1,652.05,5,1,2,512,8,Novos Clientes
CUST-15030,129,1,63.0,4,1,1,411,6,Novos Clientes
CUST-15039,159,1,210.0,4,1,1,411,6,Novos Clientes
CUST-15042,173,1,94.5,4,1,1,411,6,Novos Clientes
CUST-15049,159,1,1862.9999999999998,4,1,4,414,9,Novos Clientes
CUST-15072,229,1,220.5,4,1,1,411,6,Novos Clientes
CUST-15098,168,1,283.5,4,1,1,411,6,Novos Clientes
CUST-15124,312,1,1655.9999999999998,3,1,4,314,8,Promissores
CUST-15125,339,1,189.0,3,1,1,311,5,Promissores
CUST-15130,299,1,210.0,3,1,1,311,5,Promissores
CUST-15137,177,1,47.25,4,1,1,411,6,Novos Clientes
CUST-15142,140,1,315.0,4,1,2,412,7,Novos Clientes
CUST-15154,353,1,315.0,3,1,2,312,6,Promissores
CUST-15158,144,1,1260.0,4,1,3,413,8,Novos Clientes
CUST-15192,338,1,756.0,3,1,2,312,6,Promissores
CUST-15202,305,1,745.1999999999999,3,1,2,312,6,Promissores
CUST-15241,96,1,124.19999999999999,5,1,1,511,7,Novos Clientes
CUST-15298,126,1,78.75,5,1,1,511,7,Novos Clientes
CUST-15302,191,1,869.4,4,1,2,412,7,Novos Clientes
CUST-15314,267,1,756.0,3,1,2,312,6,Promissores
CUST-15347,159,1,472.5,4,1,2,412,7,Novos Clientes
CUST-15348,133,1,108.675,4,1,1,411,6,Novos Clientes
CUST-15349,356,1,94.5,3,1,1,311,5,Promissores
CUST-15352,89,1,15.75,5,1,1,511,7,Novos Clientes
CUST-15380,293,1,110.25,3,1,1,311,5,Promissores
CUST-15394,166,1,465.74999999999994,4,1,2,412,7,Novos Clientes
CUST-15405,300,1,567.0,3,1,2,312,6,Promissores
CUST-15446,121,1,993.5999999999999,5,1,3,513,9,Novos Clientes
CUST-15489,53,1,1512.0,5,1,4,514,10,Novos Clientes
CUST-15491,225,1,63.0,4,1,1,411,6,Novos Clientes
CUST-15495,361,1,63.0,3,1,1,311,5,Promissores
CUST-15499,84,1,283.5,5,1,1,511,7,Novos Clientes
CUST-15520,296,1,1449.0,3,1,3,313,7,Promissores
CUST-15530,204,1,558.9,4,1,2,412,7,Novos Clientes
CUST-15531,49,1,157.5,5,1,1,511,7,Novos Clientes
CUST-15534,293,1,126.0,3,1,1,311,5,Promissores
CUST-15541,230,1,186.29999999999998,4,1,1,411,6,Novos Clientes
CUST-15562,332,1,1035.0,3,1,3,313,7,Promissores
CUST-15575,38,1,630.0,5,1,2,512,8,Novos Clientes
CUST-15601,22,1,558.9,5,1,2,512,8,Novos Clientes
CUST-15624,40,1,378.0,5,1,2,512,8,Novos Clientes
CUST-15639,66,1,62.099999999999994,5,1,1,511,7,Novos Clientes
CUST-15661,59,1,1512.0,5,1,4,514,10,Novos Clientes
CUST-15666,334,1,62.099999999999994,3,1,1,311,5,Promissores
CUST-15704,283,1,15.75,3,1,1,311,5,Promissores
CUST-15716,137,1,882.0,4,1,2,412,7,Novos Clientes
CUST-15735,39,1,630.0,5,1,2,512,8,Novos Clientes
CUST-15771,127,1,252.0,5,1,1,511,7,Novos Clientes
CUST-15776,214,1,882.0,4,1,2,412,7,Novos Clientes
CUST-15799,297,1,62.099999999999994,3,1,1,311,5,Promissores
CUST-15812,225,1,558.9,4,1,2,412,7,Novos Clientes
CUST-15825,325,1,63.0,3,1,1,311,5,Promissores
CUST-15842,176,1,217.35,4,1,1,411,6,Novos Clientes
CUST-15843,202,1,1260.0,4,1,3,413,8,Novos Clientes
CUST-15849,303,1,155.25,3,1,1,311,5,Promissores
CUST-15867,12,1,378.0,5,1,2,512,8,Novos Clientes
CUST-15871,190,1,141.75,4,1,1,411,6,Novos Clientes
CUST-15896,57,1,372.59999999999997,5,1,2,512,8,Novos Clientes
CUST-15918,41,1,279.45,5,1,1,511,7,Novos Clientes
CUST-15942,249,1,372.59999999999997,3,1,2,312,6,Promissores
CUST-15977,46,1,1260.0,5,1,3,513,9,Novos Clientes
CUST-16005,17,1,63.0,5,1,1,511,7,Novos Clientes
CUST-16011,144,1,2070.0,4,1,4,414,9,Novos Clientes
CUST-16012,12,1,141.75,5,1,1,511,7,Novos Clientes
CUST-16051,111,1,279.45,5,1,1,511,7,Novos Clientes
CUST-16082,97,1,630.0,5,1,2,512,8,Novos Clientes
CUST-16091,7,1,126.0,5,1,1,511,7,Novos Clientes
CUST-16109,349,1,378.0,3,1,2,312,6,Promissores
CUST-16114,113,1,283.5,5,1,1,511,7,Novos Clientes
CUST-16115,60,1,124.19999999999999,5,1,1,511,7,Novos Clientes
CUST-16116,301,1,157.5,3,1,1,311,5,Promissores
CUST-16122,101,1,252.0,5,1,1,511,7,Novos Clientes
CUST-16141,220,1,1470.0,4,1,4,414,9,Novos Clientes
CUST-16185,178,1,1242.0,4,1,3,413,8,Novos Clientes
CUST-16237,73,1,993.5999999999999,5,1,3,513,9,Novos Clientes
CUST-16259,333,1,1008.0,3,1,3,313,7,Promissores
CUST-16267,313,1,1260.0,3,1,3,313,7,Promissores
CUST-16328,143,1,62.099999999999994,4,1,1,411,6,Novos Clientes
CUST-16338,143,1,1304.1,4,1,3,413,8,Novos Clientes
CUST-16343,105,1,840.0,5,1,2,512,8,Novos Clientes
CUST-16366,348,1,252.0,3,2,1,321,6,Promissores
CUST-16377,318,1,1117.8,3,2,3,323,8,Leais em Potencial
CUST-16387,196,1,186.29999999999998,4,2,1,421,7,Novos Clientes
CUST-16399,363,1,621.0,2,2,2,222,6,Necessitam de Atenção
CUST-16419,312,1,1134.0,3,2,3,323,8,Leais em Potencial
CUST-16428,295,1,126.0,3,2,1,321,6,Promissores
CUST-16487,179,1,1323.0,4,2,3,423,9,Novos Clientes
CUST-16490,331,1,217.35,3,2,1,321,6,Promissores
CUST-16511,296,1,126.0,3,2,1,321,6,Promissores
CUST-16544,106,1,630.0,5,2,2,522,9,Novos Clientes
CUST-16545,39,1,15.75,5,2,1,521,8,Novos Clientes
CUST-16620,170,1,206.99999999999997,4,2,1,421,7,Novos Clientes
CUST-16658,223,1,248.39999999999998,4,2,1,421,7,Novos Clientes
CUST-16670,50,1,1242.0,5,2,3,523,10,Novos Clientes
CUST-16680,282,1,840.0,3,2,2,322,7,Leais em Potencial
CUST-16702,96,1,248.39999999999998,5,2,1,521,8,Novos Clientes
CUST-16705,239,1,1035.0,4,2,3,423,9,Novos Clientes
CUST-16738,242,1,248.39999999999998,4,2,1,421,7,Novos Clientes
CUST-16741,316,1,558.9,3,2,2,322,7,Leais em Potencial
CUST-16765,359,1,558.9,3,2,2,322,7,Leais em Potencial
CUST-16772,193,1,315.0,4,2,2,422,8,Novos Clientes
CUST-16793,189,1,248.39999999999998,4,2,1,421,7,Novos Clientes
CUST-16800,208,1,126.0,4,2,1,421,7,Novos Clientes
CUST-16803,211,1,93.14999999999999,4,2,1,421,7,Novos Clientes
CUST-16839,345,1,1117.8,3,2,3,323,8,Leais em Potencial
CUST-16852,319,1,139.725,3,2,1,321,6,Promissores
CUST-16949,55,1,124.19999999999999,5,2,1,521,8,Novos Clientes
CUST-16957,361,1,108.675,3,2,1,321,6,Promissores
CUST-16969,68,1,283.5,5,2,1,521,8,Novos Clientes
CUST-16974,177,1,157.5,4,2,1,421,7,Novos Clientes
CUST-16977,128,1,745.1999999999999,4,2,2,422,8,Novos Clientes
CUST-16991,41,1,283.5,5,2,1,521,8,Novos Clientes
CUST-17030,53,1,108.675,5,2,1,521,8,Novos Clientes
CUST-17038,244,1,124.19999999999999,4,2,1,421,7,Novos Clientes
CUST-17049,127,1,157.5,5,2,1,521,8,Novos Clientes
CUST-17087,47,1,1655.9999999999998,5,2,4,524,11,Novos Clientes
CUST-17091,317,1,496.79999999999995,3,2,2,322,7,Leais em Potencial
CUST-17118,199,1,1890.0,4,2,4,424,10,Novos Clientes
CUST-17154,331,1,413.99999999999994,3,2,2,322,7,Leais em Potencial
CUST-17166,138,1,124.19999999999999,4,2,1,421,7,Novos Clientes
CUST-17201,40,1,126.0,5,2,1,521,8,Novos Clientes
CUST-17214,41,1,155.25,5,2,1,521,8,Novos Clientes
CUST-17216,320,1,189.0,3,2,1,321,6,Promissores
CUST-17232,105,1,2070.0,5,2,4,524,11,Novos Clientes
CUST-17239,86,1,1490.3999999999999,5,2,4,524,11,Novos Clientes
CUST-17247,151,1,15.524999999999999,4,2,1,421,7,Novos Clientes
CUST-17329,90,1,1242.0,5,2,3,523,10,Novos Clientes
CUST-17370,321,1,63.0,3,2,1,321,6,Promissores
CUST-17378,191,1,496.79999999999995,4,2,2,422,8,Novos Clientes
CUST-17383,231,1,1862.9999999999998,4,2,4,424,10,Novos Clientes
CUST-17417,130,1,186.29999999999998,4,2,1,421,7,Novos Clientes
CUST-17445,211,1,248.39999999999998,4,2,1,421,7,Novos Clientes
CUST-17452,7,1,189.0,5,2,1,521,8,Novos Clientes
CUST-17455,167,1,1117.8,4,2,3,423,9,Novos Clientes
CUST-17473,120,1,124.19999999999999,5,2,1,521,8,Novos Clientes
CUST-17517,268,1,15.524999999999999,3,2,1,321,6,Promissores
CUST-17519,251,1,186.29999999999998,3,2,1,321,6,Promissores
CUST-17531,27,1,1701.0,5,2,4,524,11,Novos Clientes
CUST-17590,242,1,248.39999999999998,4,2,1,421,7,Novos Clientes
CUST-17592,180,1,661.5,4,2,2,422,8,Novos Clientes
CUST-17616,175,1,745.1999999999999,4,2,2,422,8,Novos Clientes
CUST-17630,132,1,63.0,4,2,1,421,7,Novos Clientes
CUST-17631,204,1,283.5,4,2,1,421,7,Novos Clientes
CUST-17640,302,1,1035.0,3,2,3,323,8,Leais em Potencial
CUST-17658,97,1,1680.0,5,2,4,524,11,Novos Clientes
CUST-17686,22,1,1134.0,5,2,3,523,10,Novos Clientes
CUST-17701,306,1,558.9,3,2,2,322,7,Leais em Potencial
CUST-17707,324,1,1890.0,3,2,4,324,9,Leais em Potencial
CUST-17731,8,1,1242.0,5,2,3,523,10,Novos Clientes
CUST-17744,240,1,31.049999999999997,4,2,1,421,7,Novos Clientes
CUST-17776,86,1,378.0,5,2,2,522,9,Novos Clientes
CUST-17782,130,1,248.39999999999998,4,2,1,421,7,Novos Clientes
CUST-17788,136,1,1655.9999999999998,4,2,4,424,10,Novos Clientes
CUST-17807,237,1,126.0,4,2,1,421,7,Novos Clientes
CUST-17812,264,1,869.4,3,2,2,322,7,Leais em Potencial
CUST-17815,57,1,1890.0,5,2,4,524,11,Novos Clientes
CUST-17816,54,1,248.39999999999998,5,2,1,521,8,Novos Clientes
CUST-17839,57,1,139.725,5,2,1,521,8,Novos Clientes
CUST-17848,245,1,252.0,4,2,1,421,7,Novos Clientes
CUST-17864,213,1,1008.0,4,2,3,423,9,Novos Clientes
CUST-17872,89,1,46.574999999999996,5,2,1,521,8,Novos Clientes
CUST-17939,340,1,47.25,3,2,1,321,6,Promissores
CUST-17947,273,1,217.35,3,2,1,321,6,Promissores
CUST-17951,345,1,378.0,3,2,2,322,7,Leais em Potencial
CUST-17985,267,1,31.049999999999997,3,2,1,321,6,Promissores
CUST-18001,291,1,567.0,3,2,2,322,7,Leais em Potencial
CUST-18088,292,1,372.59999999999997,3,2,2,322,7,Leais em Potencial
CUST-18089,9,1,124.19999999999999,5,2,1,521,8,Novos Clientes
CUST-18098,195,1,621.0,4,2,2,422,8,Novos Clientes
CUST-18141,352,1,157.5,3,2,1,321,6,Promissores
CUST-18152,193,1,252.0,4,2,1,421,7,Novos Clientes
CUST-18161,87,1,252.0,5,2,1,521,8,Novos Clientes
CUST-18177,135,1,155.25,4,2,1,421,7,Novos Clientes
CUST-18188,324,1,279.45,3,2,1,321,6,Promissores
CUST-18201,255,1,652.05,3,2,2,322,7,Leais em Potencial
CUST-18217,22,1,94.5,5,2,1,521,8,Novos Clientes
CUST-18239,321,1,310.5,3,2,2,322,7,Leais em Potencial
CUST-18270,195,1,621.0,4,2,2,422,8,Novos Clientes
CUST-18274,167,1,1117.8,4,2,3,423,9,Novos Clientes
CUST-18288,134,1,155.25,4,2,1,421,7,Novos Clientes
CUST-18307,234,1,1676.6999999999998,4,2,4,424,10,Novos Clientes
CUST-18317,241,1,1242.0,4,2,3,423,9,Novos Clientes
CUST-18326,149,1,62.099999999999994,4,2,1,421,7,Novos Clientes
CUST-18342,37,1,1050.0,5,2,3,523,10,Novos Clientes
CUST-18343,24,1,745.1999999999999,5,2,2,522,9,Novos Clientes
CUST-18348,338,1,63.0,3,2,1,321,6,Promissores
CUST-18354,181,1,1862.9999999999998,4,2,4,424,10,Novos Clientes
CUST-18362,101,1,420.0,5,2,2,522,9,Novos Clientes
CUST-18380,221,1,210.0,4,2,1,421,7,Novos Clientes
CUST-18416,99,1,1323.0,5,2,3,523,10,Novos Clientes
CUST-18443,101,1,1260.0,5,2,3,523,10,Novos Clientes
CUST-18453,242,1,882.0,4,2,2,422,8,Novos Clientes
CUST-18464,351,1,279.45,3,2,1,321,6,Promissores
CUST-18488,130,1,1134.0,4,2,3,423,9,Novos Clientes
CUST-18503,223,1,108.675,4,2,1,421,7,Novos Clientes
CUST-18507,304,1,283.5,3,2,1,321,6,Promissores
CUST-18539,160,1,126.0,4,2,1,421,7,Novos Clientes
CUST-18554,25,1,931.4999999999999,5,2,3,523,10,Novos Clientes
CUST-18566,26,1,124.19999999999999,5,2,1,521,8,Novos Clientes
CUST-18575,115,1,1035.0,5,2,3,523,10,Novos Clientes
CUST-18577,42,1,315.0,5,2,2,522,9,Novos Clientes
CUST-18580,314,1,2100.0,3,2,4,324,9,Leais em Potencial
CUST-18595,333,1,15.524999999999999,3,2,1,321,6,Promissores
CUST-18606,285,1,124.19999999999999,3,2,1,321,6,Promissores
CUST-18634,361,1,1655.9999999999998,3,2,4,324,9,Leais em Potencial
CUST-18650,269,1,279.45,3,2,1,321,6,Promissores
CUST-18655,169,1,62.099999999999994,4,2,1,421,7,Novos Clientes
CUST-18664,71,1,372.59999999999997,5,2,2,522,9,Novos Clientes
CUST-18672,79,1,1134.0,5,2,3,523,10,Novos Clientes
CUST-18689,171,1,186.29999999999998,4,2,1,421,7,Novos Clientes
CUST-18731,100,1,420.0,5,2,2,522,9,Novos Clientes
CUST-18733,290,1,652.05,3,2,2,322,7,Leais em Potencial
CUST-18735,16,1,756.0,5,2,2,522,9,Novos Clientes
CUST-18743,280,1,155.25,3,2,1,321,6,Promissores
CUST-18771,57,1,189.0,5,2,1,521,8,Novos Clientes
CUST-18779,232,1,1008.0,4,2,3,423,9,Novos Clientes
CUST-18794,260,1,378.0,3,2,2,322,7,Leais em Potencial
CUST-18801,153,1,1008.0,4,2,3,423,9,Novos Clientes
CUST-18824,252,1,504.0,3,2,2,322,7,Leais em Potencial
CUST-18830,182,1,745.1999999999999,4,2,2,422,8,Novos Clientes
CUST-18845,364,1,1323.0,2,2,3,223,7,Necessitam de Atenção
CUST-18859,143,1,31.5,4,2,1,421,7,Novos Clientes
CUST-18865,363,1,279.45,2,2,1,221,5,Necessitam de Atenção
CUST-18866,220,1,504.0,4,2,2,422,8,Novos Clientes
CUST-18876,292,1,621.0,3,2,2,322,7,Leais em Potencial
CUST-18881,98,1,1117.8,5,2,3,523,10,Novos Clientes
CUST-18892,300,1,869.4,3,2,2,322,7,Leais em Potencial
CUST-18899,209,1,372.59999999999997,4,2,2,422,8,Novos Clientes
CUST-18923,244,1,155.25,4,2,1,421,7,Novos Clientes
CUST-18970,254,1,1134.0,3,2,3,323,8,Leais em Potencial
CUST-18993,287,1,47.25,3,2,1,321,6,Promissores
CUST-19030,158,1,1323.0,4,2,3,423,9,Novos Clientes
CUST-19074,180,1,378.0,4,2,2,422,8,Novos Clientes
CUST-19098,346,1,1008.0,3,2,3,323,8,Leais em Potencial
CUST-19120,174,1,279.45,4,2,1,421,7,Novos Clientes
CUST-19121,73,1,1655.9999999999998,5,2,4,524,11,Novos Clientes
CUST-19130,144,1,745.1999999999999,4,2,2,422,8,Novos Clientes
CUST-19137,52,1,206.99999999999997,5,2,1,521,8,Novos Clientes
CUST-19150,212,1,252.0,4,2,1,421,7,Novos Clientes
CUST-19166,322,1,378.0,3,2,2,322,7,Leais em Potencial
CUST-19169,308,1,945.0,3,2,3,323,8,Leais em Potencial
CUST-19170,130,1,77.625,4,2,1,421,7,Novos Clientes
CUST-19171,104,1,157.5,5,2,1,521,8,Novos Clientes
CUST-19204,39,1,504.0,5,2,2,522,9,Novos Clientes
CUST-19243,67,1,93.14999999999999,5,2,1,521,8,Novos Clientes
CUST-19244,303,1,315.0,3,2,2,322,7,Leais em Potencial
CUST-19248,222,1,745.1999999999999,4,2,2,422,8,Novos Clientes
CUST-19256,222,1,621.0,4,2,2,422,8,Novos Clientes
CUST-19283,56,1,413.99999999999994,5,2,2,522,9,Novos Clientes
CUST-19287,320,1,756.0,3,2,2,322,7,Leais em Potencial
CUST-19323,196,1,78.75,4,2,1,421,7,Novos Clientes
CUST-19328,41,1,93.14999999999999,5,2,1,521,8,Novos Clientes
CUST-19345,355,1,840.0,3,2,2,322,7,Leais em Potencial
CUST-19363,87,1,110.25,5,2,1,521,8,Novos Clientes
CUST-19379,15,1,31.5,5,2,1,521,8,Novos Clientes
CUST-19391,176,1,1676.6999999999998,4,2,4,424,10,Novos Clientes
CUST-19413,197,1,1890.0,4,2,4,424,10,Novos Clientes
CUST-19441,133,1,630.0,4,2,2,422,8,Novos Clientes
CUST-19445,223,1,206.99999999999997,4,2,1,421,7,Novos Clientes
CUST-19452,132,1,1134.0,4,2,3,423,9,Novos Clientes
CUST-19463,101,1,496.79999999999995,5,2,2,522,9,Novos Clientes
CUST-19467,44,1,1701.0,5,2,4,524,11,Novos Clientes
CUST-19468,248,1,1304.1,3,2,3,323,8,Leais em Potencial
CUST-19474,85,1,1260.0,5,2,3,523,10,Novos Clientes
CUST-19506,291,1,248.39999999999998,3,2,1,321,6,Promissores
CUST-19510,317,1,124.19999999999999,3,2,1,321,6,Promissores
CUST-19522,11,1,1490.3999999999999,5,2,4,524,11,Novos Clientes
CUST-19529,285,1,220.5,3,2,1,321,6,Promissores
CUST-19533,325,1,1117.8,3,2,3,323,8,Leais em Potencial
CUST-19540,326,1,1008.0,3,2,3,323,8,Leais em Potencial
CUST-19580,271,1,1323.0,3,2,3,323,8,Leais em Potencial
CUST-19581,314,1,630.0,3,2,2,322,7,Leais em Potencial
CUST-19583,194,1,93.14999999999999,4,2,1,421,7,Novos Clientes
CUST-19594,346,1,77.625,3,2,1,321,6,Promissores
CUST-19602,153,1,139.725,4,2,1,421,7,Novos Clientes
CUST-19610,15,1,1035.0,5,2,3,523,10,Novos Clientes
CUST-19612,21,1,248.39999999999998,5,2,1,521,8,Novos Clientes
CUST-19613,78,1,621.0,5,2,2,522,9,Novos Clientes
CUST-19617,232,1,1260.0,4,2,3,423,9,Novos Clientes
CUST-19672,184,1,31.049999999999997,4,2,1,421,7,Novos Clientes
CUST-19694,193,1,155.25,4,2,1,421,7,Novos Clientes
CUST-19700,354,1,186.29999999999998,3,2,1,321,6,Promissores
CUST-19727,117,1,1655.9999999999998,5,2,4,524,11,Novos Clientes
CUST-19830,182,1,630.0,4,2,2,422,8,Novos Clientes
CUST-19837,142,1,465.74999999999994,4,2,2,422,8,Novos Clientes
CUST-19843,289,1,2100.0,3,2,4,324,9,Leais em Potencial
CUST-19844,294,1,496.79999999999995,3,2,2,322,7,Leais em Potencial
CUST-19847,329,1,472.5,3,2,2,322,7,Leais em Potencial
CUST-19872,173,1,186.29999999999998,4,2,1,421,7,Novos Clientes
CUST-19902,290,1,756.0,3,2,2,322,7,Leais em Potencial
CUST-19932,87,1,252.0,5,2,1,521,8,Novos Clientes
CUST-19953,313,1,756.0,3,2,2,322,7,Leais em Potencial
CUST-19961,105,1,2100.0,5,2,4,524,11,Novos Clientes
CUST-19963,149,1,62.099999999999994,4,2,1,421,7,Novos Clientes
CUST-19979,267,1,141.75,3,2,1,321,6,Promissores
CUST-19982,96,1,157.5,5,2,1,521,8,Novos Clientes
CUST-19995,265,1,756.0,3,2,2,322,7,Leais em Potencial
